{"cameraMode":{"drawMode":0,"name":"Shaded","section":"Shading Mode"},"sceneLighting":false,"audioPlay":false,"sceneViewState":{"m_AlwaysRefresh":false,"showFog":true,"showSkybox":false,"showFlares":true,"showImageEffects":true,"showParticleSystems":true,"showVisualEffectGraphs":true,"m_FxEnabled":true},"in2DMode":false,"pivot":{"x":-1.840000033378601,"y":1.095597743988037,"z":10.90999984741211},"rotation":{"x":0.2800174355506897,"y":-0.004328044597059488,"z":0.0012533884728327394,"w":0.9600046277046204},"size":1.2247449159622193,"orthographic":false}