{"cameraMode":{"drawMode":0,"name":"Shaded","section":"Shading Mode"},"sceneLighting":true,"audioPlay":false,"sceneViewState":{"m_AlwaysRefresh":false,"showFog":true,"showSkybox":true,"showFlares":true,"showImageEffects":true,"showParticleSystems":true,"showVisualEffectGraphs":true,"m_FxEnabled":true},"in2DMode":false,"pivot":{"x":0.48119640350341799,"y":18.147602081298829,"z":-12.461418151855469},"rotation":{"x":0.21897268295288087,"y":-0.02049318514764309,"z":0.004600734915584326,"w":0.9755123853683472},"size":33.50904083251953,"orthographic":false}