{"cameraMode":{"drawMode":0,"name":"Shaded","section":"Shading Mode"},"sceneLighting":true,"audioPlay":false,"sceneViewState":{"m_AlwaysRefresh":false,"showFog":true,"showSkybox":true,"showFlares":true,"showImageEffects":true,"showParticleSystems":true,"showVisualEffectGraphs":true,"m_FxEnabled":true},"in2DMode":false,"pivot":{"x":3.7904274463653566,"y":2.1937649250030519,"z":440.60528564453127},"rotation":{"x":0.15856817364692689,"y":-0.029935363680124284,"z":0.00479585537686944,"w":0.9869086146354675},"size":1.2247449159622193,"orthographic":false}