{"cameraMode":{"drawMode":0,"name":"Shaded","section":"Shading Mode"},"sceneLighting":true,"audioPlay":false,"sceneViewState":{"m_AlwaysRefresh":false,"showFog":true,"showSkybox":true,"showFlares":true,"showImageEffects":true,"showParticleSystems":true,"showVisualEffectGraphs":true,"m_FxEnabled":true},"in2DMode":false,"pivot":{"x":0.9471304416656494,"y":5.1578569412231449,"z":17.628189086914064},"rotation":{"x":0.23860512673854829,"y":-0.5495606064796448,"z":0.16748009622097016,"w":0.782954216003418},"size":6.918739318847656,"orthographic":false}